Week Ending,Estimate,MMWR_Year,MMWR_Week,Enrollment Date,CMS Data As of date,Race and Ethnicity
08/05/2023 12:00:00 AM,0.0012,2023,31,04/30/2024 12:00:00 AM,05/16/2024 12:00:00 AM,Overall
08/12/2023 12:00:00 AM,0.0299,2023,32,04/30/2024 12:00:00 AM,05/16/2024 12:00:00 AM,Overall
08/19/2023 12:00:00 AM,0.129,2023,33,04/30/2024 12:00:00 AM,05/16/2024 12:00:00 AM,Overall
08/26/2023 12:00:00 AM,0.322,2023,34,04/30/2024 12:00:00 AM,05/16/2024 12:00:00 AM,Overall
09/02/2023 12:00:00 AM,0.66,2023,35,04/30/2024 12:00:00 AM,05/16/2024 12:00:00 AM,Overall
09/09/2023 12:00:00 AM,1.22,2023,36,04/30/2024 12:00:00 AM,05/16/2024 12:00:00 AM,Overall
09/16/2023 12:00:00 AM,2.03,2023,37,04/30/2024 12:00:00 AM,05/16/2024 12:00:00 AM,Overall
09/23/2023 12:00:00 AM,3.05,2023,38,04/30/2024 12:00:00 AM,05/16/2024 12:00:00 AM,Overall
09/30/2023 12:00:00 AM,4.15,2023,39,04/30/2024 12:00:00 AM,05/16/2024 12:00:00 AM,Overall
10/07/2023 12:00:00 AM,5.29,2023,40,04/30/2024 12:00:00 AM,05/16/2024 12:00:00 AM,Overall
10/14/2023 12:00:00 AM,6.46,2023,41,04/30/2024 12:00:00 AM,05/16/2024 12:00:00 AM,Overall
10/21/2023 12:00:00 AM,7.65,2023,42,04/30/2024 12:00:00 AM,05/16/2024 12:00:00 AM,Overall
10/28/2023 12:00:00 AM,8.85,2023,43,04/30/2024 12:00:00 AM,05/16/2024 12:00:00 AM,Overall
11/04/2023 12:00:00 AM,9.94,2023,44,04/30/2024 12:00:00 AM,05/16/2024 12:00:00 AM,Overall
11/11/2023 12:00:00 AM,11,2023,45,04/30/2024 12:00:00 AM,05/16/2024 12:00:00 AM,Overall
11/18/2023 12:00:00 AM,12.11,2023,46,04/30/2024 12:00:00 AM,05/16/2024 12:00:00 AM,Overall
11/25/2023 12:00:00 AM,12.69,2023,47,04/30/2024 12:00:00 AM,05/16/2024 12:00:00 AM,Overall
08/05/2023 12:00:00 AM,0.0013,2023,31,04/30/2024 12:00:00 AM,05/16/2024 12:00:00 AM,"White, Non-Hispanic"
08/12/2023 12:00:00 AM,0.0311,2023,32,04/30/2024 12:00:00 AM,05/16/2024 12:00:00 AM,"White, Non-Hispanic"
08/19/2023 12:00:00 AM,0.134,2023,33,04/30/2024 12:00:00 AM,05/16/2024 12:00:00 AM,"White, Non-Hispanic"
08/26/2023 12:00:00 AM,0.335,2023,34,04/30/2024 12:00:00 AM,05/16/2024 12:00:00 AM,"White, Non-Hispanic"
09/02/2023 12:00:00 AM,0.686,2023,35,04/30/2024 12:00:00 AM,05/16/2024 12:00:00 AM,"White, Non-Hispanic"
09/09/2023 12:00:00 AM,1.27,2023,36,04/30/2024 12:00:00 AM,05/16/2024 12:00:00 AM,"White, Non-Hispanic"
09/16/2023 12:00:00 AM,2.12,2023,37,04/30/2024 12:00:00 AM,05/16/2024 12:00:00 AM,"White, Non-Hispanic"
09/23/2023 12:00:00 AM,3.19,2023,38,04/30/2024 12:00:00 AM,05/16/2024 12:00:00 AM,"White, Non-Hispanic"
09/30/2023 12:00:00 AM,4.35,2023,39,04/30/2024 12:00:00 AM,05/16/2024 12:00:00 AM,"White, Non-Hispanic"
10/07/2023 12:00:00 AM,5.54,2023,40,04/30/2024 12:00:00 AM,05/16/2024 12:00:00 AM,"White, Non-Hispanic"
10/14/2023 12:00:00 AM,6.77,2023,41,04/30/2024 12:00:00 AM,05/16/2024 12:00:00 AM,"White, Non-Hispanic"
10/21/2023 12:00:00 AM,8.02,2023,42,04/30/2024 12:00:00 AM,05/16/2024 12:00:00 AM,"White, Non-Hispanic"
10/28/2023 12:00:00 AM,9.28,2023,43,04/30/2024 12:00:00 AM,05/16/2024 12:00:00 AM,"White, Non-Hispanic"
11/04/2023 12:00:00 AM,10.43,2023,44,04/30/2024 12:00:00 AM,05/16/2024 12:00:00 AM,"White, Non-Hispanic"
11/11/2023 12:00:00 AM,11.55,2023,45,04/30/2024 12:00:00 AM,05/16/2024 12:00:00 AM,"White, Non-Hispanic"
11/18/2023 12:00:00 AM,12.72,2023,46,04/30/2024 12:00:00 AM,05/16/2024 12:00:00 AM,"White, Non-Hispanic"
11/25/2023 12:00:00 AM,13.32,2023,47,04/30/2024 12:00:00 AM,05/16/2024 12:00:00 AM,"White, Non-Hispanic"
08/05/2023 12:00:00 AM,0.0008,2023,31,04/30/2024 12:00:00 AM,05/16/2024 12:00:00 AM,"Black, Non-Hispanic"
08/12/2023 12:00:00 AM,0.0179,2023,32,04/30/2024 12:00:00 AM,05/16/2024 12:00:00 AM,"Black, Non-Hispanic"
08/19/2023 12:00:00 AM,0.0805,2023,33,04/30/2024 12:00:00 AM,05/16/2024 12:00:00 AM,"Black, Non-Hispanic"
08/26/2023 12:00:00 AM,0.192,2023,34,04/30/2024 12:00:00 AM,05/16/2024 12:00:00 AM,"Black, Non-Hispanic"
09/02/2023 12:00:00 AM,0.365,2023,35,04/30/2024 12:00:00 AM,05/16/2024 12:00:00 AM,"Black, Non-Hispanic"
09/09/2023 12:00:00 AM,0.619,2023,36,04/30/2024 12:00:00 AM,05/16/2024 12:00:00 AM,"Black, Non-Hispanic"
09/16/2023 12:00:00 AM,0.977,2023,37,04/30/2024 12:00:00 AM,05/16/2024 12:00:00 AM,"Black, Non-Hispanic"
09/23/2023 12:00:00 AM,1.46,2023,38,04/30/2024 12:00:00 AM,05/16/2024 12:00:00 AM,"Black, Non-Hispanic"
09/30/2023 12:00:00 AM,2,2023,39,04/30/2024 12:00:00 AM,05/16/2024 12:00:00 AM,"Black, Non-Hispanic"
10/07/2023 12:00:00 AM,2.56,2023,40,04/30/2024 12:00:00 AM,05/16/2024 12:00:00 AM,"Black, Non-Hispanic"
10/14/2023 12:00:00 AM,3.14,2023,41,04/30/2024 12:00:00 AM,05/16/2024 12:00:00 AM,"Black, Non-Hispanic"
10/21/2023 12:00:00 AM,3.72,2023,42,04/30/2024 12:00:00 AM,05/16/2024 12:00:00 AM,"Black, Non-Hispanic"
10/28/2023 12:00:00 AM,4.3,2023,43,04/30/2024 12:00:00 AM,05/16/2024 12:00:00 AM,"Black, Non-Hispanic"
11/04/2023 12:00:00 AM,4.81,2023,44,04/30/2024 12:00:00 AM,05/16/2024 12:00:00 AM,"Black, Non-Hispanic"
11/11/2023 12:00:00 AM,5.33,2023,45,04/30/2024 12:00:00 AM,05/16/2024 12:00:00 AM,"Black, Non-Hispanic"
11/18/2023 12:00:00 AM,5.88,2023,46,04/30/2024 12:00:00 AM,05/16/2024 12:00:00 AM,"Black, Non-Hispanic"
11/25/2023 12:00:00 AM,6.18,2023,47,04/30/2024 12:00:00 AM,05/16/2024 12:00:00 AM,"Black, Non-Hispanic"
08/05/2023 12:00:00 AM,0.0015,2023,31,04/30/2024 12:00:00 AM,05/16/2024 12:00:00 AM,"Other, Non-Hispanic"
08/12/2023 12:00:00 AM,0.0319,2023,32,04/30/2024 12:00:00 AM,05/16/2024 12:00:00 AM,"Other, Non-Hispanic"
08/19/2023 12:00:00 AM,0.123,2023,33,04/30/2024 12:00:00 AM,05/16/2024 12:00:00 AM,"Other, Non-Hispanic"
08/26/2023 12:00:00 AM,0.327,2023,34,04/30/2024 12:00:00 AM,05/16/2024 12:00:00 AM,"Other, Non-Hispanic"
09/02/2023 12:00:00 AM,0.671,2023,35,04/30/2024 12:00:00 AM,05/16/2024 12:00:00 AM,"Other, Non-Hispanic"
09/09/2023 12:00:00 AM,1.21,2023,36,04/30/2024 12:00:00 AM,05/16/2024 12:00:00 AM,"Other, Non-Hispanic"
09/16/2023 12:00:00 AM,2.05,2023,37,04/30/2024 12:00:00 AM,05/16/2024 12:00:00 AM,"Other, Non-Hispanic"
09/23/2023 12:00:00 AM,3.01,2023,38,04/30/2024 12:00:00 AM,05/16/2024 12:00:00 AM,"Other, Non-Hispanic"
09/30/2023 12:00:00 AM,4.09,2023,39,04/30/2024 12:00:00 AM,05/16/2024 12:00:00 AM,"Other, Non-Hispanic"
10/07/2023 12:00:00 AM,5.21,2023,40,04/30/2024 12:00:00 AM,05/16/2024 12:00:00 AM,"Other, Non-Hispanic"
10/14/2023 12:00:00 AM,6.31,2023,41,04/30/2024 12:00:00 AM,05/16/2024 12:00:00 AM,"Other, Non-Hispanic"
10/21/2023 12:00:00 AM,7.47,2023,42,04/30/2024 12:00:00 AM,05/16/2024 12:00:00 AM,"Other, Non-Hispanic"
10/28/2023 12:00:00 AM,8.54,2023,43,04/30/2024 12:00:00 AM,05/16/2024 12:00:00 AM,"Other, Non-Hispanic"
11/04/2023 12:00:00 AM,9.55,2023,44,04/30/2024 12:00:00 AM,05/16/2024 12:00:00 AM,"Other, Non-Hispanic"
11/11/2023 12:00:00 AM,10.56,2023,45,04/30/2024 12:00:00 AM,05/16/2024 12:00:00 AM,"Other, Non-Hispanic"
11/18/2023 12:00:00 AM,11.57,2023,46,04/30/2024 12:00:00 AM,05/16/2024 12:00:00 AM,"Other, Non-Hispanic"
11/25/2023 12:00:00 AM,12.16,2023,47,04/30/2024 12:00:00 AM,05/16/2024 12:00:00 AM,"Other, Non-Hispanic"
08/05/2023 12:00:00 AM,0.0007,2023,31,04/30/2024 12:00:00 AM,05/16/2024 12:00:00 AM,"Asian, Non-Hispanic"
08/12/2023 12:00:00 AM,0.0233,2023,32,04/30/2024 12:00:00 AM,05/16/2024 12:00:00 AM,"Asian, Non-Hispanic"
08/19/2023 12:00:00 AM,0.0856,2023,33,04/30/2024 12:00:00 AM,05/16/2024 12:00:00 AM,"Asian, Non-Hispanic"
08/26/2023 12:00:00 AM,0.219,2023,34,04/30/2024 12:00:00 AM,05/16/2024 12:00:00 AM,"Asian, Non-Hispanic"
09/02/2023 12:00:00 AM,0.493,2023,35,04/30/2024 12:00:00 AM,05/16/2024 12:00:00 AM,"Asian, Non-Hispanic"
09/09/2023 12:00:00 AM,0.885,2023,36,04/30/2024 12:00:00 AM,05/16/2024 12:00:00 AM,"Asian, Non-Hispanic"
09/16/2023 12:00:00 AM,1.49,2023,37,04/30/2024 12:00:00 AM,05/16/2024 12:00:00 AM,"Asian, Non-Hispanic"
09/23/2023 12:00:00 AM,2.21,2023,38,04/30/2024 12:00:00 AM,05/16/2024 12:00:00 AM,"Asian, Non-Hispanic"
09/30/2023 12:00:00 AM,3,2023,39,04/30/2024 12:00:00 AM,05/16/2024 12:00:00 AM,"Asian, Non-Hispanic"
10/07/2023 12:00:00 AM,3.81,2023,40,04/30/2024 12:00:00 AM,05/16/2024 12:00:00 AM,"Asian, Non-Hispanic"
10/14/2023 12:00:00 AM,4.65,2023,41,04/30/2024 12:00:00 AM,05/16/2024 12:00:00 AM,"Asian, Non-Hispanic"
10/21/2023 12:00:00 AM,5.49,2023,42,04/30/2024 12:00:00 AM,05/16/2024 12:00:00 AM,"Asian, Non-Hispanic"
10/28/2023 12:00:00 AM,6.34,2023,43,04/30/2024 12:00:00 AM,05/16/2024 12:00:00 AM,"Asian, Non-Hispanic"
11/04/2023 12:00:00 AM,7.1,2023,44,04/30/2024 12:00:00 AM,05/16/2024 12:00:00 AM,"Asian, Non-Hispanic"
11/11/2023 12:00:00 AM,7.89,2023,45,04/30/2024 12:00:00 AM,05/16/2024 12:00:00 AM,"Asian, Non-Hispanic"
11/18/2023 12:00:00 AM,8.6,2023,46,04/30/2024 12:00:00 AM,05/16/2024 12:00:00 AM,"Asian, Non-Hispanic"
11/25/2023 12:00:00 AM,9.07,2023,47,04/30/2024 12:00:00 AM,05/16/2024 12:00:00 AM,"Asian, Non-Hispanic"
08/05/2023 12:00:00 AM,0,2023,31,04/30/2024 12:00:00 AM,05/16/2024 12:00:00 AM,Hispanic
08/12/2023 12:00:00 AM,0.0086,2023,32,04/30/2024 12:00:00 AM,05/16/2024 12:00:00 AM,Hispanic
08/19/2023 12:00:00 AM,0.0384,2023,33,04/30/2024 12:00:00 AM,05/16/2024 12:00:00 AM,Hispanic
08/26/2023 12:00:00 AM,0.114,2023,34,04/30/2024 12:00:00 AM,05/16/2024 12:00:00 AM,Hispanic
09/02/2023 12:00:00 AM,0.223,2023,35,04/30/2024 12:00:00 AM,05/16/2024 12:00:00 AM,Hispanic
09/09/2023 12:00:00 AM,0.388,2023,36,04/30/2024 12:00:00 AM,05/16/2024 12:00:00 AM,Hispanic
09/16/2023 12:00:00 AM,0.629,2023,37,04/30/2024 12:00:00 AM,05/16/2024 12:00:00 AM,Hispanic
09/23/2023 12:00:00 AM,0.904,2023,38,04/30/2024 12:00:00 AM,05/16/2024 12:00:00 AM,Hispanic
09/30/2023 12:00:00 AM,1.16,2023,39,04/30/2024 12:00:00 AM,05/16/2024 12:00:00 AM,Hispanic
10/07/2023 12:00:00 AM,1.45,2023,40,04/30/2024 12:00:00 AM,05/16/2024 12:00:00 AM,Hispanic
10/14/2023 12:00:00 AM,1.75,2023,41,04/30/2024 12:00:00 AM,05/16/2024 12:00:00 AM,Hispanic
10/21/2023 12:00:00 AM,2.04,2023,42,04/30/2024 12:00:00 AM,05/16/2024 12:00:00 AM,Hispanic
10/28/2023 12:00:00 AM,2.33,2023,43,04/30/2024 12:00:00 AM,05/16/2024 12:00:00 AM,Hispanic
11/04/2023 12:00:00 AM,2.59,2023,44,04/30/2024 12:00:00 AM,05/16/2024 12:00:00 AM,Hispanic
11/11/2023 12:00:00 AM,2.86,2023,45,04/30/2024 12:00:00 AM,05/16/2024 12:00:00 AM,Hispanic
11/18/2023 12:00:00 AM,3.12,2023,46,04/30/2024 12:00:00 AM,05/16/2024 12:00:00 AM,Hispanic
11/25/2023 12:00:00 AM,3.27,2023,47,04/30/2024 12:00:00 AM,05/16/2024 12:00:00 AM,Hispanic
01/06/2024 12:00:00 AM,17.38,2024,1,04/30/2024 12:00:00 AM,05/16/2024 12:00:00 AM,Overall
01/13/2024 12:00:00 AM,17.94,2024,2,04/30/2024 12:00:00 AM,05/16/2024 12:00:00 AM,Overall
01/20/2024 12:00:00 AM,18.32,2024,3,04/30/2024 12:00:00 AM,05/16/2024 12:00:00 AM,Overall
01/27/2024 12:00:00 AM,18.68,2024,4,04/30/2024 12:00:00 AM,05/16/2024 12:00:00 AM,Overall
01/06/2024 12:00:00 AM,18.2,2024,1,04/30/2024 12:00:00 AM,05/16/2024 12:00:00 AM,"White, Non-Hispanic"
01/13/2024 12:00:00 AM,18.78,2024,2,04/30/2024 12:00:00 AM,05/16/2024 12:00:00 AM,"White, Non-Hispanic"
01/20/2024 12:00:00 AM,19.16,2024,3,04/30/2024 12:00:00 AM,05/16/2024 12:00:00 AM,"White, Non-Hispanic"
01/27/2024 12:00:00 AM,19.53,2024,4,04/30/2024 12:00:00 AM,05/16/2024 12:00:00 AM,"White, Non-Hispanic"
01/06/2024 12:00:00 AM,8.93,2024,1,04/30/2024 12:00:00 AM,05/16/2024 12:00:00 AM,"Black, Non-Hispanic"
01/13/2024 12:00:00 AM,9.34,2024,2,04/30/2024 12:00:00 AM,05/16/2024 12:00:00 AM,"Black, Non-Hispanic"
01/20/2024 12:00:00 AM,9.6,2024,3,04/30/2024 12:00:00 AM,05/16/2024 12:00:00 AM,"Black, Non-Hispanic"
01/27/2024 12:00:00 AM,9.91,2024,4,04/30/2024 12:00:00 AM,05/16/2024 12:00:00 AM,"Black, Non-Hispanic"
01/06/2024 12:00:00 AM,16.85,2024,1,04/30/2024 12:00:00 AM,05/16/2024 12:00:00 AM,"Other, Non-Hispanic"
01/13/2024 12:00:00 AM,17.43,2024,2,04/30/2024 12:00:00 AM,05/16/2024 12:00:00 AM,"Other, Non-Hispanic"
01/20/2024 12:00:00 AM,17.87,2024,3,04/30/2024 12:00:00 AM,05/16/2024 12:00:00 AM,"Other, Non-Hispanic"
01/27/2024 12:00:00 AM,18.28,2024,4,04/30/2024 12:00:00 AM,05/16/2024 12:00:00 AM,"Other, Non-Hispanic"
01/06/2024 12:00:00 AM,13.03,2024,1,04/30/2024 12:00:00 AM,05/16/2024 12:00:00 AM,"Asian, Non-Hispanic"
01/13/2024 12:00:00 AM,13.56,2024,2,04/30/2024 12:00:00 AM,05/16/2024 12:00:00 AM,"Asian, Non-Hispanic"
01/20/2024 12:00:00 AM,13.98,2024,3,04/30/2024 12:00:00 AM,05/16/2024 12:00:00 AM,"Asian, Non-Hispanic"
01/27/2024 12:00:00 AM,14.36,2024,4,04/30/2024 12:00:00 AM,05/16/2024 12:00:00 AM,"Asian, Non-Hispanic"
01/06/2024 12:00:00 AM,4.63,2024,1,04/30/2024 12:00:00 AM,05/16/2024 12:00:00 AM,Hispanic
01/13/2024 12:00:00 AM,4.83,2024,2,04/30/2024 12:00:00 AM,05/16/2024 12:00:00 AM,Hispanic
01/20/2024 12:00:00 AM,4.99,2024,3,04/30/2024 12:00:00 AM,05/16/2024 12:00:00 AM,Hispanic
01/27/2024 12:00:00 AM,5.14,2024,4,04/30/2024 12:00:00 AM,05/16/2024 12:00:00 AM,Hispanic
02/03/2024 12:00:00 AM,18.98,2024,5,04/30/2024 12:00:00 AM,05/16/2024 12:00:00 AM,Overall
02/10/2024 12:00:00 AM,19.22,2024,6,04/30/2024 12:00:00 AM,05/16/2024 12:00:00 AM,Overall
02/17/2024 12:00:00 AM,19.4,2024,7,04/30/2024 12:00:00 AM,05/16/2024 12:00:00 AM,Overall
02/24/2024 12:00:00 AM,19.56,2024,8,04/30/2024 12:00:00 AM,05/16/2024 12:00:00 AM,Overall
02/03/2024 12:00:00 AM,19.84,2024,5,04/30/2024 12:00:00 AM,05/16/2024 12:00:00 AM,"White, Non-Hispanic"
02/10/2024 12:00:00 AM,20.07,2024,6,04/30/2024 12:00:00 AM,05/16/2024 12:00:00 AM,"White, Non-Hispanic"
02/17/2024 12:00:00 AM,20.26,2024,7,04/30/2024 12:00:00 AM,05/16/2024 12:00:00 AM,"White, Non-Hispanic"
02/24/2024 12:00:00 AM,20.42,2024,8,04/30/2024 12:00:00 AM,05/16/2024 12:00:00 AM,"White, Non-Hispanic"
02/03/2024 12:00:00 AM,10.17,2024,5,04/30/2024 12:00:00 AM,05/16/2024 12:00:00 AM,"Black, Non-Hispanic"
02/10/2024 12:00:00 AM,10.39,2024,6,04/30/2024 12:00:00 AM,05/16/2024 12:00:00 AM,"Black, Non-Hispanic"
02/17/2024 12:00:00 AM,10.57,2024,7,04/30/2024 12:00:00 AM,05/16/2024 12:00:00 AM,"Black, Non-Hispanic"
02/24/2024 12:00:00 AM,10.74,2024,8,04/30/2024 12:00:00 AM,05/16/2024 12:00:00 AM,"Black, Non-Hispanic"
02/03/2024 12:00:00 AM,18.63,2024,5,04/30/2024 12:00:00 AM,05/16/2024 12:00:00 AM,"Other, Non-Hispanic"
02/10/2024 12:00:00 AM,18.89,2024,6,04/30/2024 12:00:00 AM,05/16/2024 12:00:00 AM,"Other, Non-Hispanic"
02/17/2024 12:00:00 AM,19.09,2024,7,04/30/2024 12:00:00 AM,05/16/2024 12:00:00 AM,"Other, Non-Hispanic"
02/24/2024 12:00:00 AM,19.27,2024,8,04/30/2024 12:00:00 AM,05/16/2024 12:00:00 AM,"Other, Non-Hispanic"
02/03/2024 12:00:00 AM,14.7,2024,5,04/30/2024 12:00:00 AM,05/16/2024 12:00:00 AM,"Asian, Non-Hispanic"
02/10/2024 12:00:00 AM,14.94,2024,6,04/30/2024 12:00:00 AM,05/16/2024 12:00:00 AM,"Asian, Non-Hispanic"
02/17/2024 12:00:00 AM,15.16,2024,7,04/30/2024 12:00:00 AM,05/16/2024 12:00:00 AM,"Asian, Non-Hispanic"
02/24/2024 12:00:00 AM,15.36,2024,8,04/30/2024 12:00:00 AM,05/16/2024 12:00:00 AM,"Asian, Non-Hispanic"
02/03/2024 12:00:00 AM,5.29,2024,5,04/30/2024 12:00:00 AM,05/16/2024 12:00:00 AM,Hispanic
02/10/2024 12:00:00 AM,5.42,2024,6,04/30/2024 12:00:00 AM,05/16/2024 12:00:00 AM,Hispanic
02/17/2024 12:00:00 AM,5.54,2024,7,04/30/2024 12:00:00 AM,05/16/2024 12:00:00 AM,Hispanic
02/24/2024 12:00:00 AM,5.64,2024,8,04/30/2024 12:00:00 AM,05/16/2024 12:00:00 AM,Hispanic
03/02/2024 12:00:00 AM,19.71,2024,9,04/30/2024 12:00:00 AM,05/16/2024 12:00:00 AM,Overall
03/09/2024 12:00:00 AM,19.84,2024,10,04/30/2024 12:00:00 AM,05/16/2024 12:00:00 AM,Overall
03/16/2024 12:00:00 AM,19.96,2024,11,04/30/2024 12:00:00 AM,05/16/2024 12:00:00 AM,Overall
03/23/2024 12:00:00 AM,20.07,2024,12,04/30/2024 12:00:00 AM,05/16/2024 12:00:00 AM,Overall
03/30/2024 12:00:00 AM,20.17,2024,13,04/30/2024 12:00:00 AM,05/16/2024 12:00:00 AM,Overall
03/02/2024 12:00:00 AM,20.57,2024,9,04/30/2024 12:00:00 AM,05/16/2024 12:00:00 AM,"White, Non-Hispanic"
03/09/2024 12:00:00 AM,20.7,2024,10,04/30/2024 12:00:00 AM,05/16/2024 12:00:00 AM,"White, Non-Hispanic"
03/16/2024 12:00:00 AM,20.81,2024,11,04/30/2024 12:00:00 AM,05/16/2024 12:00:00 AM,"White, Non-Hispanic"
03/23/2024 12:00:00 AM,20.92,2024,12,04/30/2024 12:00:00 AM,05/16/2024 12:00:00 AM,"White, Non-Hispanic"
03/30/2024 12:00:00 AM,21.02,2024,13,04/30/2024 12:00:00 AM,05/16/2024 12:00:00 AM,"White, Non-Hispanic"
03/02/2024 12:00:00 AM,10.9,2024,9,04/30/2024 12:00:00 AM,05/16/2024 12:00:00 AM,"Black, Non-Hispanic"
03/09/2024 12:00:00 AM,11.04,2024,10,04/30/2024 12:00:00 AM,05/16/2024 12:00:00 AM,"Black, Non-Hispanic"
03/16/2024 12:00:00 AM,11.19,2024,11,04/30/2024 12:00:00 AM,05/16/2024 12:00:00 AM,"Black, Non-Hispanic"
03/23/2024 12:00:00 AM,11.32,2024,12,04/30/2024 12:00:00 AM,05/16/2024 12:00:00 AM,"Black, Non-Hispanic"
03/30/2024 12:00:00 AM,11.43,2024,13,04/30/2024 12:00:00 AM,05/16/2024 12:00:00 AM,"Black, Non-Hispanic"
03/02/2024 12:00:00 AM,19.45,2024,9,04/30/2024 12:00:00 AM,05/16/2024 12:00:00 AM,"Other, Non-Hispanic"
03/09/2024 12:00:00 AM,19.61,2024,10,04/30/2024 12:00:00 AM,05/16/2024 12:00:00 AM,"Other, Non-Hispanic"
03/16/2024 12:00:00 AM,19.76,2024,11,04/30/2024 12:00:00 AM,05/16/2024 12:00:00 AM,"Other, Non-Hispanic"
03/23/2024 12:00:00 AM,19.92,2024,12,04/30/2024 12:00:00 AM,05/16/2024 12:00:00 AM,"Other, Non-Hispanic"
03/30/2024 12:00:00 AM,20.04,2024,13,04/30/2024 12:00:00 AM,05/16/2024 12:00:00 AM,"Other, Non-Hispanic"
03/02/2024 12:00:00 AM,15.57,2024,9,04/30/2024 12:00:00 AM,05/16/2024 12:00:00 AM,"Asian, Non-Hispanic"
03/09/2024 12:00:00 AM,15.76,2024,10,04/30/2024 12:00:00 AM,05/16/2024 12:00:00 AM,"Asian, Non-Hispanic"
03/16/2024 12:00:00 AM,15.94,2024,11,04/30/2024 12:00:00 AM,05/16/2024 12:00:00 AM,"Asian, Non-Hispanic"
03/23/2024 12:00:00 AM,16.11,2024,12,04/30/2024 12:00:00 AM,05/16/2024 12:00:00 AM,"Asian, Non-Hispanic"
03/30/2024 12:00:00 AM,16.25,2024,13,04/30/2024 12:00:00 AM,05/16/2024 12:00:00 AM,"Asian, Non-Hispanic"
03/02/2024 12:00:00 AM,5.73,2024,9,04/30/2024 12:00:00 AM,05/16/2024 12:00:00 AM,Hispanic
03/09/2024 12:00:00 AM,5.83,2024,10,04/30/2024 12:00:00 AM,05/16/2024 12:00:00 AM,Hispanic
03/16/2024 12:00:00 AM,5.92,2024,11,04/30/2024 12:00:00 AM,05/16/2024 12:00:00 AM,Hispanic
03/23/2024 12:00:00 AM,6.01,2024,12,04/30/2024 12:00:00 AM,05/16/2024 12:00:00 AM,Hispanic
03/30/2024 12:00:00 AM,6.08,2024,13,04/30/2024 12:00:00 AM,05/16/2024 12:00:00 AM,Hispanic
12/02/2023 12:00:00 AM,13.73,2023,48,04/30/2024 12:00:00 AM,05/16/2024 12:00:00 AM,Overall
12/09/2023 12:00:00 AM,14.68,2023,49,04/30/2024 12:00:00 AM,05/16/2024 12:00:00 AM,Overall
12/16/2023 12:00:00 AM,15.55,2023,50,04/30/2024 12:00:00 AM,05/16/2024 12:00:00 AM,Overall
12/23/2023 12:00:00 AM,16.28,2023,51,04/30/2024 12:00:00 AM,05/16/2024 12:00:00 AM,Overall
12/30/2023 12:00:00 AM,16.74,2023,52,04/30/2024 12:00:00 AM,05/16/2024 12:00:00 AM,Overall
12/02/2023 12:00:00 AM,14.42,2023,48,04/30/2024 12:00:00 AM,05/16/2024 12:00:00 AM,"White, Non-Hispanic"
12/09/2023 12:00:00 AM,15.4,2023,49,04/30/2024 12:00:00 AM,05/16/2024 12:00:00 AM,"White, Non-Hispanic"
12/16/2023 12:00:00 AM,16.31,2023,50,04/30/2024 12:00:00 AM,05/16/2024 12:00:00 AM,"White, Non-Hispanic"
12/23/2023 12:00:00 AM,17.06,2023,51,04/30/2024 12:00:00 AM,05/16/2024 12:00:00 AM,"White, Non-Hispanic"
12/30/2023 12:00:00 AM,17.55,2023,52,04/30/2024 12:00:00 AM,05/16/2024 12:00:00 AM,"White, Non-Hispanic"
12/02/2023 12:00:00 AM,6.69,2023,48,04/30/2024 12:00:00 AM,05/16/2024 12:00:00 AM,"Black, Non-Hispanic"
12/09/2023 12:00:00 AM,7.21,2023,49,04/30/2024 12:00:00 AM,05/16/2024 12:00:00 AM,"Black, Non-Hispanic"
12/16/2023 12:00:00 AM,7.71,2023,50,04/30/2024 12:00:00 AM,05/16/2024 12:00:00 AM,"Black, Non-Hispanic"
12/23/2023 12:00:00 AM,8.18,2023,51,04/30/2024 12:00:00 AM,05/16/2024 12:00:00 AM,"Black, Non-Hispanic"
12/30/2023 12:00:00 AM,8.49,2023,52,04/30/2024 12:00:00 AM,05/16/2024 12:00:00 AM,"Black, Non-Hispanic"
12/02/2023 12:00:00 AM,13.15,2023,48,04/30/2024 12:00:00 AM,05/16/2024 12:00:00 AM,"Other, Non-Hispanic"
12/09/2023 12:00:00 AM,14.13,2023,49,04/30/2024 12:00:00 AM,05/16/2024 12:00:00 AM,"Other, Non-Hispanic"
12/16/2023 12:00:00 AM,14.99,2023,50,04/30/2024 12:00:00 AM,05/16/2024 12:00:00 AM,"Other, Non-Hispanic"
12/23/2023 12:00:00 AM,15.74,2023,51,04/30/2024 12:00:00 AM,05/16/2024 12:00:00 AM,"Other, Non-Hispanic"
12/30/2023 12:00:00 AM,16.24,2023,52,04/30/2024 12:00:00 AM,05/16/2024 12:00:00 AM,"Other, Non-Hispanic"
12/02/2023 12:00:00 AM,9.9,2023,48,04/30/2024 12:00:00 AM,05/16/2024 12:00:00 AM,"Asian, Non-Hispanic"
12/09/2023 12:00:00 AM,10.71,2023,49,04/30/2024 12:00:00 AM,05/16/2024 12:00:00 AM,"Asian, Non-Hispanic"
12/16/2023 12:00:00 AM,11.44,2023,50,04/30/2024 12:00:00 AM,05/16/2024 12:00:00 AM,"Asian, Non-Hispanic"
12/23/2023 12:00:00 AM,12.07,2023,51,04/30/2024 12:00:00 AM,05/16/2024 12:00:00 AM,"Asian, Non-Hispanic"
12/30/2023 12:00:00 AM,12.51,2023,52,04/30/2024 12:00:00 AM,05/16/2024 12:00:00 AM,"Asian, Non-Hispanic"
12/02/2023 12:00:00 AM,3.56,2023,48,04/30/2024 12:00:00 AM,05/16/2024 12:00:00 AM,Hispanic
12/09/2023 12:00:00 AM,3.84,2023,49,04/30/2024 12:00:00 AM,05/16/2024 12:00:00 AM,Hispanic
12/16/2023 12:00:00 AM,4.08,2023,50,04/30/2024 12:00:00 AM,05/16/2024 12:00:00 AM,Hispanic
12/23/2023 12:00:00 AM,4.3,2023,51,04/30/2024 12:00:00 AM,05/16/2024 12:00:00 AM,Hispanic
12/30/2023 12:00:00 AM,4.45,2023,52,04/30/2024 12:00:00 AM,05/16/2024 12:00:00 AM,Hispanic
